,Sample ID,Analyte Name,RSD (Corr Int),RSD (Conc),Calculated Average,Calcuated Std Dev,Machine Std Dev,Digestion Volumn,Mass,Error
42,10B1[01]01A20221108,Sc 361.383,1.073530112,1.073530112,98.10778838666666,1.0532166504938103,1.0532166505481055,,0.0,
43,10B1[01]01A20221108,Cr 267.716,7.034393596,25.30299646,-0.0025545269316666667,0.000646371859009771,-0.0006463718590893633,,0.0,
44,10B1[01]01A20221108,Ni 231.604,6.922427555,23.44675447,0.002763981545333333,0.0006480639663874246,0.0006480639665304184,,0.0,
